"username","user_email","user_registered","display_name","first_name","last_name","role"
"angrybird119","vilma.sols@example.com","2019-03-21 02:19:06","Vilma Solås","Vilma","Solås","author"
"beautifulmeercat771","ramona.mckinney@example.com","2019-03-21 02:19:03","Ramona Mckinney","Ramona","Mckinney","author"
"blackcat671","jorge.campos@example.com","2019-03-21 02:19:04","Jorge Campos","Jorge","Campos","subscriber"
"blackswan162","marinei.silveira@example.com","2019-03-21 02:19:04","Marinei Silveira","Marinei","Silveira","subscriber"
"crazyfish701","juan.dixon@example.com","2019-03-21 02:19:06","Juan Dixon","Juan","Dixon","subscriber"
"crazyrabbit208","frens.rodenhuis@example.com","2019-03-21 02:19:03","Frens Rodenhuis","Frens","Rodenhuis","author"
"crazysnake460","thomas.jordan@example.com","2019-03-21 02:19:04","Thomas Jordan","Thomas","Jordan","author"
"goldenbird294","bernhard.morel@example.com","2019-03-21 02:19:04","Bernhard Morel","Bernhard","Morel","author"
"goldenbutterfly911","veronica.flores@example.com","2019-03-21 02:19:05","Veronica Flores","Veronica","Flores","author"
"goldenfrog213","ella.niva@example.com","2019-03-21 02:19:05","Ella Niva","Ella","Niva","author"
"goldengoose741","eemeli.mikkola@example.com","2019-03-21 02:19:06","Eemeli Mikkola","Eemeli","Mikkola","subscriber"
"goldenlion170","carmelo.aguilar@example.com","2019-03-21 02:19:04","Carmelo Aguilar","Carmelo","Aguilar","subscriber"
"goldenlion960","johanna.hauschild@example.com","2019-03-21 02:19:03","Johanna Hauschild","Johanna","Hauschild","author"
"greenostrich317","fatih.atalba@example.com","2019-03-21 02:19:03","Fatih çatalbaş","Fatih","çatalbaş","subscriber"
"heavywolf297","abigail.wilson@example.com","2019-03-21 02:19:06","Abigail Wilson","Abigail","Wilson","subscriber"
"orangefrog123","paige.hughes@example.com","2019-03-21 02:19:03","Paige Hughes","Paige","Hughes","subscriber"
"orangelion123","ramon.martin@example.com","2019-03-21 02:19:03","Ramon Martin","Ramon","Martin","subscriber"
"orangelion734","magdalena.campos@example.com","2019-03-21 02:19:05","Magdalena Campos","Magdalena","Campos","subscriber"
"orangemouse706","terry.hansen@example.com","2019-03-21 02:19:03","Terry Hansen","Terry","Hansen","author"
"orangesnake441","marcus.hannig@example.com","2019-03-21 02:19:05","Marcus Hannig","Marcus","Hannig","author"
"organicpeacock697","mylan.rey@example.com","2019-03-21 02:19:03","Mylan Rey","Mylan","Rey","subscriber"
"organicsnake796","lynda.vanhoof@example.com","2019-03-21 02:19:05","Lynda Van hoof","Lynda","Van hoof","subscriber"
"purpleladybug932","johanne.rasmussen@example.com","2019-03-21 02:19:05","Johanne Rasmussen","Johanne","Rasmussen","editor"
"purpleswan305","everett.shelton@example.com","2019-03-21 02:19:03","Everett Shelton","Everett","Shelton","editor"
"purplezebra142","brooke.carpenter@example.com","2019-03-21 02:19:06","Brooke Carpenter","Brooke","Carpenter","editor"
"reddog345","pihla.aho@example.com","2019-03-21 02:19:03","Pihla Aho","Pihla","Aho","editor"
"redrabbit535","toivo.salo@example.com","2019-03-21 02:19:06","Toivo Salo","Toivo","Salo","subscriber"
"silvermeercat277","judith.wheeler@example.com","2019-03-21 02:19:06","Judith Wheeler","Judith","Wheeler","subscriber"
"smallpanda531","nina.thomas@example.com","2019-03-21 02:19:05","Nina Thomas","Nina","Thomas","subscriber"
"ticklishbird744","samantha.palmer@example.com","2019-03-21 02:19:03","Samantha Palmer","Samantha","Palmer","editor"
"tinycat451","wesley.richards@example.com","2019-03-21 02:19:05","Wesley Richards","Wesley","Richards","editor"
"tinylion421","gonzalo.gomez@example.com","2019-03-21 02:19:04","Gonzalo Gomez","Gonzalo","Gomez","subscriber"
"tinytiger324","samantha.bradley@example.com","2019-03-21 02:19:06","Samantha Bradley","Samantha","Bradley","editor"
"Walled Mahmoud","walledm6@gmail.com","2019-03-21 00:15:17","Walled Mahmoud","Walled","Mahmoud","administrator"
"whitedog228","elena.jimenez@example.com","2019-03-21 02:19:05","Elena Jimenez","Elena","Jimenez","subscriber"
"whitedog604","juho.kivela@example.com","2019-03-21 02:19:06","Juho Kivela","Juho","Kivela","subscriber"
"yellowfish414","cokun.erbulak@example.com","2019-03-21 02:19:06","Coşkun Erbulak","Coşkun","Erbulak","subscriber"
"yellowfrog778","alejandra.suarez@example.com","2019-03-21 02:19:04","Alejandra Suarez","Alejandra","Suarez","editor"
"yellowgoose160","stefan.elvestad@example.com","2019-03-21 02:19:03","Stefan Elvestad","Stefan","Elvestad","editor"
"yellowgorilla660","gabriella.stevens@example.com","2019-03-21 02:19:04","Gabriella Stevens","Gabriella","Stevens","editor"
"yellowzebra934","flo.steverink@example.com","2019-03-21 02:19:05","Flo Steverink","Flo","Steverink","subscriber"
